{
    "pousoInicio": {
        "x": 74.66665649414062,
        "y": 108
    },
    "pousoFim": {
        "x": 1129.6666564941406,
        "y": 106
    },
    "decolagemInicio": {
        "x": 159.66665649414062,
        "y": 722
    },
    "decolagemFim": {
        "x": 1326.6666564941406,
        "y": 724
    },
    "rebocador1Base": {
        "x": 1013.6666564941406,
        "y": 197
    },
    "rebocador2Base": {
        "x": 894.6666564941406,
        "y": 196
    },
    "rebocador1Busca": {
        "x": 779.6666564941406,
        "y": 196
    },
    "rebocador2Busca": {
        "x": 691.6666564941406,
        "y": 196
    },
    "rebocador1Entrega": {
        "x": 607.6666564941406,
        "y": 198
    },
    "rebocador2Entrega": {
        "x": 518.6666564941406,
        "y": 197
    },
    "roboBase": {
        "x": 429.6666564941406,
        "y": 406
    },
    "pontoAbastecimento": {
        "x": 685.6666564941406,
        "y": 410
    },
    "vaga1": {
        "x": 987.6666564941406,
        "y": 410
    },
    "vaga2": {
        "x": 867.6666564941406,
        "y": 412
    },
    "vaga3": {
        "x": 734.6666564941406,
        "y": 424
    },
    "vaga4": {
        "x": 614.6666564941406,
        "y": 425
    },
    "vaga5": {
        "x": 490.6666564941406,
        "y": 434
    }
}